strain,accession,subtype,date,host,country,region,species,broad,order
A/canine/Alabama/CVM-194456-1/2022|2022-08-24,EPI2907460,H3N2,2022-08-24,Canine,Usa,North America,Canine,Canine,Canine
A/canine/Beijing/0118/2021|2021-01-01,OR473198,H3N2,2021-01-01,Canine,China,China,Canine,canine,Canine
A/canine/Beijing/0501/2001|2021-05-01,OR473206,H3N2,2021-05-01,Canine,China,China,Canine,canine,Canine
A/canine/Beijing/0510/2010|2021-05-01,OR473214,H3N2,2021-05-01,Canine,China,China,Canine,canine,Canine
A/canine/Beijing/0511/2011|2021-05-01,OR473222,H3N2,2021-05-01,Canine,China,China,Canine,canine,Canine
A/canine/Beijing/1016/2018|2018-10-01,ON877531,H3N2,2018-10-01,Canine,China,China,Canine,canine,Canine
A/canine/Beijing/1028/2010|2010-02-02,EPI407498,H3N2,2010-02-02,Canine,China,China,Canine,Canine,Canine
A/canine/Beijing/1102/2018|2018-11-01,ON877555,H3N2,2018-11-01,Canine,China,China,Canine,canine,Canine
A/canine/Beijing/1103/2018|2018-11-01,ON877563,H3N2,2018-11-01,Canine,China,China,Canine,canine,Canine
A/canine/Beijing/1115/2019|2019-12-01,ON877571,H3N2,2019-12-01,Canine,China,China,Canine,canine,Canine
A/canine/Beijing/1167/2019|2019-04-01,ON877579,H3N2,2019-04-01,Canine,China,China,Canine,canine,Canine
A/canine/Beijing/1183/2019|2019-05-01,ON877588,H3N2,2019-05-01,Canine,China,China,Canine,canine,Canine
A/canine/Beijing/1364/2019|2019-08-01,ON877595,H3N2,2019-08-01,Canine,China,China,Canine,canine,Canine
A/canine/Beijing/1372/2019|2019-08-01,ON877603,H3N2,2019-08-01,Canine,China,China,Canine,canine,Canine
A/canine/Beijing/1389/2019|2019-09-01,ON877611,H3N2,2019-09-01,Canine,China,China,Canine,canine,Canine
A/canine/Beijing/18/2019|2019-03-01,ON877619,H3N2,2019-03-01,Canine,China,China,Canine,canine,Canine
A/canine/Beijing/20121215-34/2012|2012-12-15,EPI1554904,H3N2,2012-12-15,Canine,China,China,Canine,canine,Canine
A/canine/Beijing/20121230-62/2012|2012-12-30,EPI1554880,H3N2,2012-12-30,Canine,China,China,Canine,Canine,Canine
A/canine/Beijing/20131112-279/2013|2013-11-12,EPI1554945,H3N2,2013-11-12,Canine,China,China,Canine,canine,Canine
A/canine/Beijing/20131203-341/2013|2013-12-03,EPI1554937,H3N2,2013-12-03,Canine,China,China,Canine,canine,Canine
A/canine/Beijing/20131203-342/2013|2013-12-03,EPI1554928,H3N2,2013-12-03,Canine,China,China,Canine,canine,Canine
A/canine/Beijing/20131204-349/2013|2013-12-04,EPI1554920,H3N2,2013-12-04,Canine,China,China,Canine,canine,Canine
A/canine/Beijing/20131207-365/2013|2013-12-07,EPI1554912,H3N2,2013-12-07,Canine,China,China,Canine,canine,Canine
A/canine/Beijing/20140103-90/2014|2014-01-03,EPI1555220,H3N2,2014-01-03,Canine,China,China,Canine,canine,Canine
A/canine/Beijing/20140110-2/2014|2014-01-10,EPI1555211,H3N2,2014-01-10,Canine,China,China,Canine,canine,Canine
A/canine/Beijing/20150118-256/2015|2015-01-18,EPI1555203,H3N2,2015-01-18,Canine,China,China,Canine,Canine,Canine
A/canine/Beijing/20150120-265/2015|2015-01-20,EPI1555195,H3N2,2015-01-20,Canine,China,China,Canine,canine,Canine
A/canine/Beijing/20150122-284/2015|2015-01-22,EPI1555187,H3N2,2015-01-22,Canine,China,China,Canine,Canine,Canine
A/canine/Beijing/20150124-300/2015|2015-01-24,EPI1555179,H3N2,2015-01-24,Canine,China,China,Canine,Canine,Canine
A/canine/Beijing/20161216-8/2016|2016-12-16,EPI1554896,H3N2,2016-12-16,Canine,China,China,Canine,canine,Canine
A/canine/Beijing/20161228-9/2016|2016-12-28,EPI1554888,H3N2,2016-12-28,Canine,China,China,Canine,canine,Canine
A/canine/Beijing/20170314-73/2017|2017-03-14,EPI1555171,H3N2,2017-03-14,Canine,China,China,Canine,canine,Canine
A/canine/Beijing/20170417-81/2017|2017-04-17,EPI1555163,H3N2,2017-04-17,Canine,China,China,Canine,canine,Canine
A/canine/Beijing/20170417-83/2017|2017-04-17,EPI1555155,H3N2,2017-04-17,Canine,China,China,Canine,canine,Canine
A/canine/Beijing/20170424-102/2017|2017-04-24,EPI1555147,H3N2,2017-04-24,Canine,China,China,Canine,canine,Canine
A/canine/Beijing/20170501-108/2017|2017-05-01,EPI1555139,H3N2,2017-05-01,Canine,China,China,Canine,canine,Canine
A/canine/Beijing/20170510-118/2017|2017-05-10,EPI1555131,H3N2,2017-05-10,Canine,China,China,Canine,canine,Canine
A/canine/Beijing/20170512-120/2017|2017-05-12,EPI1555123,H3N2,2017-05-12,Canine,China,China,Canine,canine,Canine
A/canine/Beijing/20170512-121/2017|2017-05-12,EPI1555115,H3N2,2017-05-12,Canine,China,China,Canine,canine,Canine
A/canine/Beijing/20170512-122/2017|2017-05-12,EPI1555106,H3N2,2017-05-12,Canine,China,China,Canine,canine,Canine
A/canine/Beijing/20170512-133/2017|2017-05-12,EPI1555098,H3N2,2017-05-12,Canine,China,China,Canine,canine,Canine
A/canine/Beijing/20170512-137/2017|2017-05-12,EPI1555090,H3N2,2017-05-12,Canine,China,China,Canine,canine,Canine
A/canine/Beijing/20170527-146/2017|2017-05-27,MK212693,H3N2,2017-05-27,Canine,China,China,Canine,canine,Canine
A/canine/Beijing/20170528-147/2017|2017-05-28,MK212685,H3N2,2017-05-28,Canine,China,China,Canine,canine,Canine
A/canine/Beijing/20170528-148/2017|2017-05-28,EPI1555066,H3N2,2017-05-28,Canine,China,China,Canine,canine,Canine
A/canine/Beijing/20170604-164/2017|2017-06-04,EPI1555058,H3N2,2017-06-04,Canine,China,China,Canine,canine,Canine
A/canine/Beijing/20170610-172/2017|2017-06-10,EPI1555050,H3N2,2017-06-10,Canine,China,China,Canine,canine,Canine
A/canine/Beijing/20170610-173/2017|2017-06-10,EPI1555042,H3N2,2017-06-10,Canine,China,China,Canine,canine,Canine
A/canine/Beijing/20170610-174/2017|2017-06-10,EPI1555034,H3N2,2017-06-10,Canine,China,China,Canine,canine,Canine
A/canine/Beijing/20170612-183/2017|2017-06-12,EPI1555026,H3N2,2017-06-12,Canine,China,China,Canine,canine,Canine
A/canine/Beijing/20170614-185/2017|2017-06-14,EPI1555018,H3N2,2017-06-14,Canine,China,China,Canine,canine,Canine
A/canine/Beijing/20170615-195/2017|2017-06-15,EPI1555010,H3N2,2017-06-15,Canine,China,China,Canine,canine,Canine
A/canine/Beijing/20170616-200/2017|2017-06-16,EPI1555002,H3N2,2017-06-16,Canine,China,China,Canine,canine,Canine
A/canine/Beijing/20170616-202/2017|2017-06-16,EPI1554994,H3N2,2017-06-16,Canine,China,China,Canine,canine,Canine
A/canine/Beijing/20170618-206/2017|2017-06-18,EPI1554986,H3N2,2017-06-18,Canine,China,China,Canine,canine,Canine
A/canine/Beijing/20170709-15/2017|2017-07-09,EPI1554978,H3N2,2017-07-09,Canine,China,China,Canine,canine,Canine
A/canine/Beijing/20170711-16/2017|2017-07-11,EPI1554970,H3N2,2017-07-11,Canine,China,China,Canine,canine,Canine
A/canine/Beijing/20170712-18/2017|2017-07-12,EPI1554962,H3N2,2017-07-12,Canine,China,China,Canine,canine,Canine
A/canine/Beijing/20170720-30/2017|2017-07-20,EPI1554953,H3N2,2017-07-20,Canine,China,China,Canine,canine,Canine
A/canine/Beijing/253/2009|2009-12-09,EPI407571,H3N2,2009-12-09,Canine,China,China,Canine,Canine,Canine
A/canine/Beijing/295/2009|2009-12-14,EPI407554,H3N2,2009-12-14,Canine,China,China,Canine,Canine,Canine
A/canine/Beijing/305/2009|2009-12-13,EPI407546,H3N2,2009-12-13,Canine,China,China,Canine,Canine,Canine
A/canine/Beijing/308/2017|2017-09-01,ON877627,H3N2,2017-09-01,Canine,China,China,Canine,canine,Canine
A/canine/Beijing/309/2017|2017-09-01,ON877635,H3N2,2017-09-01,Canine,China,China,Canine,canine,Canine
A/canine/Beijing/359/2009|2009-12-17,JX101393,H3N2,2009-12-17,Canine,China,China,Canine,canine,Canine
A/canine/Beijing/362/2009|2009-12-17,EPI407530,H3N2,2009-12-17,Canine,China,China,Canine,Canine,Canine
A/canine/Beijing/364/2009|2009-12-17,EPI407522,H3N2,2009-12-17,Canine,China,China,Canine,Canine,Canine
A/canine/Beijing/418/2010|2010-01-08,JX101369,H3N2,2010-01-08,Canine,China,China,Canine,canine,Canine
A/canine/Beijing/420/2010|2010-01-08,JX101418,H3N2,2010-01-08,Canine,China,China,Canine,canine,Canine
A/canine/Beijing/509/2017|2017-12-01,ON877643,H3N2,2017-12-01,Canine,China,China,Canine,canine,Canine
A/canine/Beijing/511/2010|2010-01-03,EPI407506,H3N2,2010-01-03,Canine,China,China,Canine,Canine,Canine
A/canine/Beijing/547/2018|2018-01-01,ON877651,H3N2,2018-01-01,Canine,China,China,Canine,canine,Canine
A/canine/Beijing/618/2018|2018-02-01,ON877675,H3N2,2018-02-01,Canine,China,China,Canine,canine,Canine
A/canine/Beijing/CAU-118/2018|2018-01-01,EPI2868531,H3N2,2018-01-01,Canine,China,China,Canine,Canine,Canine
A/canine/Beijing/CAU-501/2001|2001-05-01,EPI2868539,H3N2,2001-05-01,Canine,China,China,Canine,Canine,Canine
A/canine/Beijing/CAU-510/2010|2010-05-01,EPI2868547,H3N2,2010-05-01,Canine,China,China,Canine,Canine,Canine
A/canine/Beijing/CAU-511/2011|2011-05-01,EPI2868555,H3N2,2011-05-01,Canine,China,China,Canine,Canine,Canine
A/canine/Beijing/CAU-JC2538/2010|2010-08-01,EPI2868563,H3N2,2010-08-01,Canine,China,China,Canine,Canine,Canine
A/canine/Beijing/CAU-JC2550/2010|2010-08-01,EPI2868571,H3N2,2010-08-01,Canine,China,China,Canine,Canine,Canine
A/canine/Beijing/JC2538/2021|2021-08-01,OR473230,H3N2,2021-08-01,Canine,China,China,Canine,canine,Canine
A/canine/Beijing/JC2550/2021|2021-08-01,OR473238,H3N2,2021-08-01,Canine,China,China,Canine,canine,Canine
A/canine/California/043670/2017|2017-03-24,EPI1304925,H3N2,2017-03-24,Canine,Usa,North America,Canine,canine,Canine
A/canine/California/20170411-20/2017|2017-04-01,EPI1224182,H3N2,2017-04-01,Canine,Usa,North America,Canine,canine,Canine
A/canine/California/84315/2017|2017-05-18,EPI1304916,H3N2,2017-05-18,Canine,Usa,North America,Canine,canine,Canine
A/canine/California/BRW002/2018|2018-01-06,EPI1526445,H3N2,2018-01-06,Canine,Usa,North America,Canine,canine,Canine
A/canine/California/BRW003/2018|2018-01-01,EPI1526453,H3N2,2018-01-01,Canine,Usa,North America,Canine,canine,Canine
A/canine/California/CVM-17384101/2019|2019-06-01,EPI2906685,H3N2,2019-06-01,Canine,Usa,North America,Canine,Canine,Canine
A/canine/California/CVM-1738411/2019|2019-06-01,EPI2906693,H3N2,2019-06-01,Canine,Usa,North America,Canine,Canine,Canine
A/canine/California/CVM-32151101/2021|2021-10-14,EPI2906859,H3N2,2021-10-14,Canine,Usa,North America,Canine,Canine,Canine
A/canine/California/CVM-3215141/2021|2021-10-14,EPI2906867,H3N2,2021-10-14,Canine,Usa,North America,Canine,Canine,Canine
A/canine/California/CVM-3235751/2021|2021-10-17,EPI2906875,H3N2,2021-10-17,Canine,Usa,North America,Canine,Canine,Canine
A/canine/California/CVM-3275921/2021|2021-10-20,EPI2906883,H3N2,2021-10-20,Canine,Usa,North America,Canine,Canine,Canine
A/canine/California/CVM-32918141/2021|2021-10-21,EPI2906891,H3N2,2021-10-21,Canine,Usa,North America,Canine,Canine,Canine
A/canine/California/CVM-3299021/2021|2021-10-23,EPI2906899,H3N2,2021-10-23,Canine,Usa,North America,Canine,Canine,Canine
A/canine/California/CVM-33954291/2021|2021-10-29,EPI2906907,H3N2,2021-10-29,Canine,Usa,North America,Canine,Canine,Canine
A/canine/California/CVM-3466381/2021|2021-11-01,EPI2906915,H3N2,2021-11-01,Canine,Usa,North America,Canine,Canine,Canine
A/Canine/California/LACPHL-INF00001/2021|2021-08-06,EPI1913554,H3N2,2021-08-06,Canine,Usa,North America,Canine,canine,Canine
A/Canine/California/LACPHL-INF00002/2021|2021-08-06,EPI1914374,H3N2,2021-08-06,Canine,Usa,North America,Canine,Canine,Canine
A/Canine/California/LACPHL-INF00004/2021|2021-08-06,EPI1914393,H3N2,2021-08-06,Canine,Usa,North America,Canine,canine,Canine
A/Canine/California/LACPHL-INF00005/2021|2021-08-06,EPI1914403,H3N2,2021-08-06,Canine,Usa,North America,Canine,canine,Canine
A/Canine/California/LACPHL-INF00006/2021|2021-08-06,EPI1914437,H3N2,2021-08-06,Canine,Usa,North America,Canine,canine,Canine
A/canine/California/M19-17384-1-1/2019|2019-06-01,OR731151,H3N2,2019-06-01,Canine,Usa,North America,Canine,Canine,Canine
A/canine/California/M19-17384-10-1/2019|2019-06-01,OR731159,H3N2,2019-06-01,Canine,Usa,North America,Canine,Canine,Canine
A/canine/California/M21-32151-10-1/2021|2021-10-14,OR732117,H3N2,2021-10-14,Canine,Usa,North America,Canine,Canine,Canine
A/canine/California/M21-32151-4-1/2021|2021-10-14,OR732125,H3N2,2021-10-14,Canine,Usa,North America,Canine,Canine,Canine
A/canine/California/M21-32357-5-1/2021|2021-10-17,OR732133,H3N2,2021-10-17,Canine,Usa,North America,Canine,Canine,Canine
A/canine/California/M21-32759-2-1/2021|2021-10-20,OR732141,H3N2,2021-10-20,Canine,Usa,North America,Canine,Canine,Canine
A/canine/California/M21-32918-14-1/2021|2021-10-21,OR732149,H3N2,2021-10-21,Canine,Usa,North America,Canine,Canine,Canine
A/canine/California/M21-32990-2-1/2021|2021-10-23,OR732157,H3N2,2021-10-23,Canine,Usa,North America,Canine,Canine,Canine
A/canine/California/M21-33954-29-1/2021|2021-10-29,OR732165,H3N2,2021-10-29,Canine,Usa,North America,Canine,Canine,Canine
A/canine/California/M21-34663-8-1/2021|2021-11-01,OR732173,H3N2,2021-11-01,Canine,Usa,North America,Canine,Canine,Canine
A/canine/ChangChun/01/2023|2023-12-28,PQ374165,H3N2,2023-12-28,Canine,China,China,Canine,canine,Canine
A/canine/China/11071/2019|2019-02-11,EPI2254396,H3N2,2019-02-11,Canine,China,China,Canine,canine,Canine
A/canine/China/15001/2019|2019-02-02,EPI2475614,H3N2,2019-02-02,Canine,China,China,Canine,canine,Canine
A/canine/China/15027/2019|2019-03-02,EPI2475622,H3N2,2019-03-02,Canine,China,China,Canine,canine,Canine
A/canine/China/15066/2019|2019-03-02,EPI2475630,H3N2,2019-03-02,Canine,China,China,Canine,canine,Canine
A/canine/China/15068/2019|2019-03-02,EPI2475638,H3N2,2019-03-02,Canine,China,China,Canine,canine,Canine
A/canine/China/18004/2019|2019-04-30,MZ323821,H3N2,2019-04-30,Canine,China,China,Canine,canine,Canine
A/canine/China/6068/2018|2018-11-26,EPI2475609,H3N2,2018-11-26,Canine,China,China,Canine,canine,Canine
A/canine/China/A4/2021|2021-05-02,EPI1932083,H3N2,2021-05-02,Canine,China,China,Canine,canine,Canine
A/canine/China/A5/2021|2021-05-20,EPI1932951,H3N2,2021-05-20,Canine,China,China,Canine,canine,Canine
A/canine/China/A6/2021|2021-05-27,EPI1932079,H3N2,2021-05-27,Canine,China,China,Canine,canine,Canine
A/canine/China/HA.seq/2019|2019-01-10,EPI1772107,H3N2,2019-01-10,Canine,China,China,Canine,canine,Canine
A/canine/China/HN3/2018|2018-05-22,EPI2254404,H3N2,2018-05-22,Canine,China,China,Canine,canine,Canine
A/canine/China/HN6/2018|2018-06-03,EPI2254412,H3N2,2018-06-03,Canine,China,China,Canine,canine,Canine
A/canine/China/Huabei-170607/2017|2017-06-07,EPI1634261,H3N2,2017-06-07,Canine,China,China,Canine,canine,Canine
A/canine/China/JLM1/2015|2015-11-25,MG386676,H3N2,2015-11-25,Canine,China,China,Canine,canine,Canine
A/canine/China/JLM2/2015|2015-11-25,MG386684,H3N2,2015-11-25,Canine,China,China,Canine,canine,Canine
A/canine/China/LG1/2015|2015-12-16,MG309802,H3N2,2015-12-16,Canine,China,China,Canine,canine,Canine
A/canine/China/LG2/2015|2015-12-16,MG309810,H3N2,2015-12-16,Canine,China,China,Canine,canine,Canine
A/canine/China/QiaoKe01/2017|2017-05-01,EPI1898052,H3N2,2017-05-01,Canine,China,China,Canine,canine,Canine
A/canine/China/Shanghai-0103-2019/2019|2019-01-08,EPI1517111,H3N2,2019-01-08,Canine,China,China,Canine,canine,Canine
A/canine/China/Shanghai-0103-2020/2019|2019-01-15,EPI1517112,H3N2,2019-01-15,Canine,China,China,Canine,canine,Canine
A/canine/China/Shanghai-0103-2021/2019|2019-01-15,EPI1517113,H3N2,2019-01-15,Canine,China,China,Canine,canine,Canine
A/canine/China/Shanghai-0103-2022/2019|2019-01-15,EPI1517114,H3N2,2019-01-15,Canine,China,China,Canine,canine,Canine
A/canine/China/Shanghai-0103-2023/2019|2019-01-25,EPI1517115,H3N2,2019-01-25,Canine,China,China,Canine,canine,Canine
A/canine/China/Shanghai-0103-2024/2019|2019-01-25,EPI1517116,H3N2,2019-01-25,Canine,China,China,Canine,canine,Canine
A/canine/China/Shanghai-0315-2019/2019|2019-03-08,EPI1502592,H3N2,2019-03-08,Canine,China,China,Canine,canine,Canine
A/canine/Florida/090919/2017|2017-05-26,EPI1308095,H3N2,2017-05-26,Canine,Usa,North America,Canine,canine,Canine
A/canine/Florida/20170606-11/2017|2017-04-01,EPI1224185,H3N2,2017-04-01,Canine,Usa,North America,Canine,canine,Canine
A/canine/Florida/20170606-17/2017|2017-04-01,EPI1224213,H3N2,2017-04-01,Canine,Usa,North America,Canine,canine,Canine
A/canine/Florida/20170606-18/2017|2017-04-01,EPI1224042,H3N2,2017-04-01,Canine,Usa,North America,Canine,canine,Canine
A/canine/Florida/20170606-2/2017|2017-04-01,EPI1224125,H3N2,2017-04-01,Canine,Usa,North America,Canine,canine,Canine
A/canine/Florida/20170606-7/2017|2017-04-01,EPI1224162,H3N2,2017-04-01,Canine,Usa,North America,Canine,canine,Canine
A/canine/Florida/20170606-8/2017|2017-04-01,EPI1224105,H3N2,2017-04-01,Canine,Usa,North America,Canine,canine,Canine
A/canine/Florida/20170606-9/2017|2017-04-01,EPI1224150,H3N2,2017-04-01,Canine,Usa,North America,Canine,canine,Canine
A/canine/Florida/269770/2015|2015-11-01,EPI1098578,H3N2,2015-11-01,Canine,Usa,North America,Canine,canine,Canine
A/canine/Florida/88807.2/2017|2017-05-25,EPI1304911,H3N2,2017-05-25,Canine,Usa,North America,Canine,canine,Canine
A/canine/Florida/CAIS-A1/2021|2021-06-01,OP364485,H3N2,2021-06-01,Canine,Usa,North America,Canine,Canine,Canine
A/canine/Florida/CAIS-A2/2021|2021-06-01,OP364486,H3N2,2021-06-01,Canine,Usa,North America,Canine,Canine,Canine
A/canine/Florida/CAIS-B1/2021|2021-06-01,OR732181,H3N2,2021-06-01,Canine,Usa,North America,Canine,Canine,Canine
A/canine/Florida/CAIS-B2/2021|2021-06-01,OR732113,H3N2,2021-06-01,Canine,Usa,North America,Canine,Canine,Canine
A/canine/Florida/CAIS-C1/2021|2021-06-01,OP364487,H3N2,2021-06-01,Canine,Usa,North America,Canine,Canine,Canine
A/canine/Florida/CAIS-C2/2021|2021-06-01,OP364488,H3N2,2021-06-01,Canine,Usa,North America,Canine,Canine,Canine
A/canine/Florida/CAIS-D1/2021|2021-06-01,OP364489,H3N2,2021-06-01,Canine,Usa,North America,Canine,Canine,Canine
A/canine/Florida/CAIS-F1/2021|2021-06-01,OR732189,H3N2,2021-06-01,Canine,Usa,North America,Canine,Canine,Canine
A/canine/Florida/CAIS-H1/2021|2021-06-01,OR732197,H3N2,2021-06-01,Canine,Usa,North America,Canine,Canine,Canine
A/canine/Florida/CVM-B1/2021|2021-06-01,EPI2906923,H3N2,2021-06-01,Canine,Usa,North America,Canine,Canine,Canine
A/canine/Florida/CVM-B2/2021|2021-06-01,EPI2906930,H3N2,2021-06-01,Canine,Usa,North America,Canine,Canine,Canine
A/canine/Florida/CVM-F1/2021|2021-06-01,EPI2906934,H3N2,2021-06-01,Canine,Usa,North America,Canine,Canine,Canine
A/canine/Florida/CVM-H1/2021|2021-06-01,EPI2906943,H3N2,2021-06-01,Canine,Usa,North America,Canine,Canine,Canine
A/canine/Fujian/11/2018|2018-11-01,ON877683,H3N2,2018-11-01,Canine,China,China,Canine,canine,Canine
A/canine/Fujian/1108/2018|2018-12-01,ON877691,H3N2,2018-12-01,Canine,China,China,Canine,canine,Canine
A/canine/Fujian/1109/2018|2018-12-01,ON877699,H3N2,2018-12-01,Canine,China,China,Canine,canine,Canine
A/canine/Fujian/601/2018|2018-01-01,ON877707,H3N2,2018-01-01,Canine,China,China,Canine,canine,Canine
A/canine/Georgia/101875/2015|2015-09-01,EPI1308189,H3N2,2015-09-01,Canine,Usa,North America,Canine,canine,Canine
A/canine/Georgia/104940/2015|2015-07-17,EPI839104,H3N2,2015-07-17,Canine,Usa,North America,Canine,canine,Canine
A/canine/Georgia/20170606-19/2017|2017-05-25,EPI1304889,H3N2,2017-05-25,Canine,Usa,North America,Canine,canine,Canine
A/canine/Georgia/42632/2015|2015-06-12,EPI1777100,H3N2,2015-06-12,Canine,Usa,North America,Canine,canine,Canine
A/canine/Georgia/89750.1/2017|2017-05-26,EPI1304892,H3N2,2017-05-26,Canine,Usa,North America,Canine,canine,Canine
A/canine/Georgia/95391/2015|2015-07-13,EPI839105,H3N2,2015-07-13,Canine,Usa,North America,Canine,canine,Canine
A/canine/Guangdong/01/2013|2013-04-01,KJ917342,H3N2,2013-04-01,Canine,China,China,Canine,canine,Canine
A/canine/Guangdong/01/2014|2014-02-01,KJ917368,H3N2,2014-02-01,Canine,China,China,Canine,canine,Canine
A/canine/Guangdong/02/2013|2013-04-01,KJ917352,H3N2,2013-04-01,Canine,China,China,Canine,canine,Canine
A/canine/Guangdong/02/2014|2014-02-01,EPI1307970,H3N2,2014-02-01,Canine,China,China,Canine,Canine,Canine
A/canine/Guangdong/03/2013|2013-11-01,KJ917358,H3N2,2013-11-01,Canine,China,China,Canine,canine,Canine
A/canine/Guangdong/04/2011|2011-02-01,JX414239,H3N2,2011-02-01,Canine,China,China,Canine,canine,Canine
A/canine/Guangdong/04/2013|2013-11-01,KJ917361,H3N2,2013-11-01,Canine,China,China,Canine,canine,Canine
A/canine/Guangdong/05/2011|2011-02-01,JX414244,H3N2,2011-02-01,Canine,China,China,Canine,canine,Canine
A/canine/Guangdong/1/2006|2006-06-01,EPI284206,H3N2,2006-06-01,Canine,China,China,Canine,Canine,Canine
A/canine/Guangdong/1/2007|2007-04-18,EPI284230,H3N2,2007-04-18,Canine,China,China,Canine,Canine,Canine
A/canine/Guangdong/1/2011|2011-02-01,EPI439979,H3N2,2011-02-01,Canine,China,China,Canine,Canine,Canine
A/canine/Guangdong/1/2018|2018-05-14,MK119981,H3N2,2018-05-14,Canine,China,China,Canine,canine,Canine
A/canine/Guangdong/12/2012|2012-09-15,KF826947,H3N2,2012-09-15,Canine,China,China,Canine,canine,Canine
A/canine/Guangdong/2/2006|2006-08-01,EPI284214,H3N2,2006-08-01,Canine,China,China,Canine,Canine,Canine
A/canine/Guangdong/2/2007|2007-10-18,EPI284222,H3N2,2007-10-18,Canine,China,China,Canine,Canine,Canine
A/canine/Guangdong/2/2011|2011-02-01,JX195350,H3N2,2011-02-01,Canine,China,China,Canine,canine,Canine
A/canine/Guangdong/2/2018|2018-05-16,MK119982,H3N2,2018-05-16,Canine,China,China,Canine,canine,Canine
A/canine/Guangdong/23/2012|2012-09-18,KF826955,H3N2,2012-09-18,Canine,China,China,Canine,canine,Canine
A/canine/Guangdong/3/2011|2011-03-01,JX195358,H3N2,2011-03-01,Canine,China,China,Canine,canine,Canine
A/canine/Guangdong/3/2018|2018-05-17,EPI1765825,H3N2,2018-05-17,Canine,China,China,Canine,canine,Canine
A/canine/Guangdong/DY1/2019|2019-06-23,EPI1890583,H3N2,2019-06-23,Canine,China,China,Canine,canine,Canine
A/canine/Guangdong/GY01/2018|2018-05-01,EPI1931800,H3N2,2018-05-01,Canine,China,China,Canine,canine,Canine
A/canine/Guangxi/L1/2013|2013-05-01,EPI530762,H3N2,2013-05-01,Canine,China,China,Canine,canine,Canine
A/canine/Guangxi/L2/2013|2013-05-01,KJ013190,H3N2,2013-05-01,Canine,China,China,Canine,canine,Canine
A/canine/Guangzhou/11/2019|2019-01-01,ON877715,H3N2,2019-01-01,Canine,China,China,Canine,canine,Canine
A/canine/Guangzhou/1180/2019|2019-05-01,ON877723,H3N2,2019-05-01,Canine,China,China,Canine,canine,Canine
A/canine/Guangzhou/15/2019|2019-07-01,ON877731,H3N2,2019-07-01,Canine,China,China,Canine,canine,Canine
A/canine/Guangzhou/16/2019|2019-07-01,ON877739,H3N2,2019-07-01,Canine,China,China,Canine,canine,Canine
A/canine/Guangzhou/17/2019|2019-02-01,ON877747,H3N2,2019-02-01,Canine,China,China,Canine,canine,Canine
A/canine/Guangzhou/20/2019|2019-06-01,ON877755,H3N2,2019-06-01,Canine,China,China,Canine,canine,Canine
A/canine/Guangzhou/25/2019|2019-07-01,ON877763,H3N2,2019-07-01,Canine,China,China,Canine,canine,Canine
A/canine/Guangzhou/35/2019|2019-07-01,ON877771,H3N2,2019-07-01,Canine,China,China,Canine,canine,Canine
A/canine/Guangzhou/37/2019|2019-07-01,ON877779,H3N2,2019-07-01,Canine,China,China,Canine,canine,Canine
A/canine/Guangzhou/38/2019|2019-07-01,ON877787,H3N2,2019-07-01,Canine,China,China,Canine,canine,Canine
A/canine/Guangzhou/603/2018|2018-02-01,ON877795,H3N2,2018-02-01,Canine,China,China,Canine,canine,Canine
A/canine/Guangzhou/8/2018|2018-11-01,ON877803,H3N2,2018-11-01,Canine,China,China,Canine,canine,Canine
A/canine/Hainan/0515-W17/2021|2021-05-01,OR473246,H3N2,2021-05-01,Canine,China,China,Canine,canine,Canine
A/canine/Hainan/615/2018|2018-02-01,ON877811,H3N2,2018-02-01,Canine,China,China,Canine,canine,Canine
A/canine/Hainan/79/2019|2019-07-01,ON877819,H3N2,2019-07-01,Canine,China,China,Canine,canine,Canine
A/canine/Hainan/CAU-W17/2015|2015-05-01,EPI2868579,H3N2,2015-05-01,Canine,China,China,Canine,Canine,Canine
A/canine/Hainan/F4/2018|2018-12-01,ON877827,H3N2,2018-12-01,Canine,China,China,Canine,canine,Canine
A/canine/Hainan/W3/2019|2019-06-01,ON877835,H3N2,2019-06-01,Canine,China,China,Canine,canine,Canine
A/canine/Hainan/W5/2019|2019-06-01,ON877843,H3N2,2019-06-01,Canine,China,China,Canine,canine,Canine
A/canine/Hainan/W8/2019|2019-06-01,ON877851,H3N2,2019-06-01,Canine,China,China,Canine,canine,Canine
A/canine/Heilongjiang/1/2018|2018-10-15,EPI3097585,H3N2,2018-10-15,Canine,China,China,Canine,Canine,Canine
A/canine/Heilongjiang/1/2019|2019-01-23,EPI3097749,H3N2,2019-01-23,Canine,China,China,Canine,Canine,Canine
A/canine/Heilongjiang/2/2019|2019-05-04,EPI3097757,H3N2,2019-05-04,Canine,China,China,Canine,Canine,Canine
A/canine/Heilongjiang/3/2019|2019-11-21,EPI3097765,H3N2,2019-11-21,Canine,China,China,Canine,Canine,Canine
A/canine/Heilongjiang/L1/2013|2013-03-10,EPI531364,H3N2,2013-03-10,Canine,China,China,Canine,canine,Canine
A/canine/Henan/L02/2018|2018-03-01,EPI1931784,H3N2,2018-03-01,Canine,China,China,Canine,canine,Canine
A/canine/Henan/L03/2018|2018-05-01,EPI1931808,H3N2,2018-05-01,Canine,China,China,Canine,canine,Canine
A/canine/Henan/L06/2018|2018-05-01,OK354181,H3N2,2018-05-01,Canine,China,China,Canine,canine,Canine
A/canine/Illinois/077741/2016|2016-08-01,EPI1551227,H3N2,2016-08-01,Canine,Usa,North America,Canine,canine,Canine
A/canine/Illinois/077752/2016|2016-09-01,EPI1308075,H3N2,2016-09-01,Canine,Usa,North America,Canine,canine,Canine
A/canine/Illinois/077753/2016|2016-11-01,EPI1098555,H3N2,2016-11-01,Canine,Usa,North America,Canine,canine,Canine
A/canine/Illinois/0843093/2015|2015-03-30,EPI838664,H3N2,2015-03-30,Canine,Usa,North America,Canine,canine,Canine
A/canine/Illinois/091375-16-1-1/2016|2016-09-01,EPI1308170,H3N2,2016-09-01,Canine,Usa,North America,Canine,canine,Canine
A/canine/Illinois/12191/2015|2015-04-15,KT002536,H3N2,2015-04-15,Canine,Usa,North America,Canine,canine,Canine
A/canine/Illinois/145135-16-3-1/2016|2016-09-01,EPI1308082,H3N2,2016-09-01,Canine,Usa,North America,Canine,canine,Canine
A/canine/Illinois/1619144/2015|2015-04-14,EPI838668,H3N2,2015-04-14,Canine,Usa,North America,Canine,canine,Canine
A/canine/Illinois/187427-16-7/2016|2016-04-01,EPI1224209,H3N2,2016-04-01,Canine,Usa,North America,Canine,canine,Canine
A/canine/Illinois/20170110-1A4/2016|2016-09-01,EPI1308090,H3N2,2016-09-01,Canine,Usa,North America,Canine,canine,Canine
A/canine/Illinois/20170110-1G12/2016|2016-04-01,EPI1224049,H3N2,2016-04-01,Canine,Usa,North America,Canine,canine,Canine
A/canine/Illinois/20170110-1G4/2016|2016-04-01,EPI1224217,H3N2,2016-04-01,Canine,Usa,North America,Canine,canine,Canine
A/canine/Illinois/20170110-2F1/2016|2016-04-01,EPI1224098,H3N2,2016-04-01,Canine,Usa,North America,Canine,canine,Canine
A/canine/Illinois/20170110-2G1/2016|2016-04-01,EPI1224202,H3N2,2016-04-01,Canine,Usa,North America,Canine,canine,Canine
A/canine/Illinois/21-015197-001/2021|2021-05-17,EPI1896539,H3N2,2021-05-17,Canine,Usa,North America,Canine,canine,Canine
A/canine/Illinois/21-015197-005/2021|2021-05-17,EPI1896547,H3N2,2021-05-17,Canine,Usa,North America,Canine,canine,Canine
A/canine/Illinois/278597/2016|2016-09-01,EPI1308062,H3N2,2016-09-01,Canine,Usa,North America,Canine,canine,Canine
A/canine/Illinois/283066/2015|2015-11-01,EPI1098568,H3N2,2015-11-01,Canine,Usa,North America,Canine,canine,Canine
A/canine/Illinois/2883703/2015|2015-05-07,EPI839096,H3N2,2015-05-07,Canine,Usa,North America,Canine,canine,Canine
A/canine/Illinois/328292/2015|2015-11-01,EPI1098565,H3N2,2015-11-01,Canine,Usa,North America,Canine,canine,Canine
A/canine/Illinois/41915/2015|2015-09-01,EPI1308175,H3N2,2015-09-01,Canine,Usa,North America,Canine,canine,Canine
A/canine/Illinois/A37/2017|2017-11-01,EPI1308103,H3N2,2017-11-01,Canine,Usa,North America,Canine,canine,Canine
A/canine/Illinois/I0182389/2015|2015-09-01,EPI1308115,H3N2,2015-09-01,Canine,Usa,North America,Canine,canine,Canine
A/canine/Illinois/M16-16391-2-1/2016|2016-04-01,EPI1224102,H3N2,2016-04-01,Canine,Usa,North America,Canine,canine,Canine
A/canine/Illinois/M16-25374-14-1/2016|2016-04-01,EPI1224015,H3N2,2016-04-01,Canine,Usa,North America,Canine,canine,Canine
A/canine/Illinois/M16-25374-19-1/2016|2016-04-01,EPI1224113,H3N2,2016-04-01,Canine,Usa,North America,Canine,canine,Canine
A/canine/Illinois/M16-30480-3-1/2016|2016-04-01,EPI1224082,H3N2,2016-04-01,Canine,Usa,North America,Canine,canine,Canine
A/canine/Illinois/M17-05782-1-1/2017|2017-04-01,EPI1224048,H3N2,2017-04-01,Canine,Usa,North America,Canine,canine,Canine
A/canine/Illinois/M17-05782-11-1/2017|2017-04-01,EPI1224165,H3N2,2017-04-01,Canine,Usa,North America,Canine,canine,Canine
A/canine/Illinois/M17-05782-4-1/2017|2017-04-01,EPI1224158,H3N2,2017-04-01,Canine,Usa,North America,Canine,canine,Canine
A/canine/Illinois/M17-05782-7-1/2017|2017-04-01,EPI1224159,H3N2,2017-04-01,Canine,Usa,North America,Canine,canine,Canine
A/canine/Illinois/M17-05782-8-1/2017|2017-04-01,EPI1224128,H3N2,2017-04-01,Canine,Usa,North America,Canine,canine,Canine
A/canine/Indiana/003018/2016|2016-11-01,EPI1098576,H3N2,2016-11-01,Canine,Usa,North America,Canine,canine,Canine
A/canine/Indiana/093165-16-1-1/2016|2016-09-01,EPI1308147,H3N2,2016-09-01,Canine,Usa,North America,Canine,canine,Canine
A/canine/Indiana/1177-17-1/2017|2017-09-01,EPI1308132,H3N2,2017-09-01,Canine,Usa,North America,Canine,canine,Canine
A/canine/Indiana/130636/2017|2017-07-29,EPI1308011,H3N2,2017-07-29,Canine,Usa,North America,Canine,canine,Canine
A/canine/Indiana/132276-16-1-2/2016|2016-09-01,EPI1308112,H3N2,2016-09-01,Canine,Usa,North America,Canine,canine,Canine
A/canine/Indiana/17031-16-2/2016|2016-09-01,EPI1308155,H3N2,2016-09-01,Canine,Usa,North America,Canine,canine,Canine
A/canine/Indiana/2093681/2015|2015-09-01,EPI1308091,H3N2,2015-09-01,Canine,Usa,North America,Canine,canine,Canine
A/canine/Indiana/96198/2015|2015-07-02,EPI838671,H3N2,2015-07-02,Canine,Usa,North America,Canine,Canine,Canine
A/canine/Indiana/M16-09378-32-1/2016|2016-04-05,OQ954717,H3N2,2016-04-05,Canine,Usa,North America,Canine,Canine,Canine
A/canine/Jiangsu/01/2009|2009-12-01,JN247579,H3N2,2009-12-01,Canine,China,China,Canine,canine,Canine
A/canine/Jiangsu/02/2010|2010-03-01,JN247587,H3N2,2010-03-01,Canine,China,China,Canine,canine,Canine
A/canine/Jiangsu/03/2010|2010-04-01,JN247595,H3N2,2010-04-01,Canine,China,China,Canine,canine,Canine
A/canine/Jiangsu/04/2010|2010-05-01,EPI326418,H3N2,2010-05-01,Canine,China,China,Canine,Canine,Canine
A/canine/Jiangsu/05/2010|2010-05-01,EPI326410,H3N2,2010-05-01,Canine,China,China,Canine,Canine,Canine
A/canine/Jiangsu/06/2010|2010-06-01,EPI326402,H3N2,2010-06-01,Canine,China,China,Canine,Canine,Canine
A/canine/Jilin/01/2023|2023-12-28,EPI3571358,H3N2,2023-12-28,Canine,China,China,Canine,canine,Canine
A/canine/Kentucky/128656/2017|2017-07-26,EPI1308019,H3N2,2017-07-26,Canine,Usa,North America,Canine,canine,Canine
A/canine/Kentucky/174490/2017|2017-10-09,EPI1308027,H3N2,2017-10-09,Canine,Usa,North America,Canine,canine,Canine
A/canine/Kentucky/20170606-23/2017|2017-04-01,EPI1224103,H3N2,2017-04-01,Canine,Usa,North America,Canine,canine,Canine
A/canine/Kentucky/20170606-6/2017|2017-04-01,EPI1224187,H3N2,2017-04-01,Canine,Usa,North America,Canine,canine,Canine
A/canine/Korea/01/2007|2007-05-01,EPI389759,H3N2,2007-05-01,Canine,South Korea,Japan Korea,Canine,canine,Canine
A/canine/Korea/0589318/2015|2015-03-05,EPI839126,H3N2,2015-03-05,Canine,South Korea,Japan Korea,Canine,canine,Canine
A/canine/Korea/AS-01/2009|2009-09-18,MH105825,H3N2,2009-09-18,Canine,South Korea,Japan Korea,Canine,canine,Canine
A/canine/Korea/AS-03/2012|2012-05-10,MH105826,H3N2,2012-05-10,Canine,South Korea,Japan Korea,Canine,canine,Canine
A/canine/Korea/AS-04/2012|2012-06-11,MH105827,H3N2,2012-06-11,Canine,South Korea,Japan Korea,Canine,canine,Canine
A/canine/Korea/AS-05/2012|2012-07-14,MH105828,H3N2,2012-07-14,Canine,South Korea,Japan Korea,Canine,canine,Canine
A/canine/Korea/AS-06/2012|2012-08-24,MH105829,H3N2,2012-08-24,Canine,South Korea,Japan Korea,Canine,canine,Canine
A/canine/Korea/AS-08/2012|2012-09-17,MH105830,H3N2,2012-09-17,Canine,South Korea,Japan Korea,Canine,canine,Canine
A/canine/Korea/AS-09/2012|2012-10-15,MH105831,H3N2,2012-10-15,Canine,South Korea,Japan Korea,Canine,canine,Canine
A/canine/Korea/AS-11/2013|2013-06-08,MH105832,H3N2,2013-06-08,Canine,South Korea,Japan Korea,Canine,canine,Canine
A/canine/Korea/AS-14/2013|2013-08-09,MH105833,H3N2,2013-08-09,Canine,South Korea,Japan Korea,Canine,canine,Canine
A/canine/Korea/AS-15/2013|2013-09-11,MH105834,H3N2,2013-09-11,Canine,South Korea,Japan Korea,Canine,canine,Canine
A/canine/Korea/BD-1/2013|2013-05-30,EPI743742,H3N2,2013-05-30,Canine,South Korea,Japan Korea,Canine,canine,Canine
A/canine/Korea/CY001/2010|2010-10-01,KC755905,H3N2,2010-10-01,Canine,South Korea,Japan Korea,Canine,canine,Canine
A/canine/Korea/CY005/2010|2010-10-01,KC755906,H3N2,2010-10-01,Canine,South Korea,Japan Korea,Canine,canine,Canine
A/canine/Korea/CY009/2010|2010-10-01,KC755907,H3N2,2010-10-01,Canine,South Korea,Japan Korea,Canine,canine,Canine
A/canine/Korea/CY053/2014|2014-03-02,KX509798,H3N2,2014-03-02,Canine,South Korea,Japan Korea,Canine,canine,Canine
A/canine/Korea/DG1/2014|2014-02-13,EPI743750,H3N2,2014-02-13,Canine,South Korea,Japan Korea,Canine,canine,Canine
A/canine/Korea/GCVP01/2007|2007-01-01,EU127500,H3N2,2007-01-01,Canine,South Korea,Japan Korea,Canine,canine,Canine
A/canine/Korea/KRIBB01/2011|2011-11-01,JX679525,H3N2,2011-11-01,Canine,South Korea,Japan Korea,Canine,canine,Canine
A/canine/Korea/LBM412/2008|2008-10-01,GU122024,H3N2,2008-10-01,Canine,South Korea,Japan Korea,Canine,canine,Canine
A/canine/Korea/MV1/2012|2012-11-07,EPI460105,H3N2,2012-11-07,Canine,South Korea,Japan Korea,Canine,Canine,Canine
A/canine/Korea/S1/2012|2012-11-05,KP137810,H3N2,2012-11-05,Canine,South Korea,Japan Korea,Canine,canine,Canine
A/canine/Korea/SH1/2014|2014-09-01,EPI2467564,H3N2,2014-09-01,Canine,South Korea,Japan Korea,Canine,Canine,Canine
A/canine/Korea/SH2/2016|2016-07-22,EPI2467948,H3N2,2016-07-22,Canine,South Korea,Japan Korea,Canine,Canine,Canine
A/canine/Korea/SH3/2016|2016-07-22,EPI2468089,H3N2,2016-07-22,Canine,South Korea,Japan Korea,Canine,Canine,Canine
A/canine/Korea/SH4/2016|2016-07-22,EPI2468302,H3N2,2016-07-22,Canine,South Korea,Japan Korea,Canine,Canine,Canine
A/canine/Korea/SH5/2015|2015-11-20,EPI2468360,H3N2,2015-11-20,Canine,South Korea,Japan Korea,Canine,Canine,Canine
A/canine/Korea/SH6/2017|2017-11-07,EPI2468368,H3N2,2017-11-07,Canine,South Korea,Japan Korea,Canine,Canine,Canine
A/canine/Korea/VC123578/2012|2012-03-13,EPI544906,H3N2,2012-03-13,Canine,South Korea,Japan Korea,Canine,Canine,Canine
A/canine/Korea/VC378/2012|2012-03-13,EPI544899,H3N2,2012-03-13,Canine,South Korea,Japan Korea,Canine,Canine,Canine
A/canine/Liaoning/10/2018|2018-11-01,ON877859,H3N2,2018-11-01,Canine,China,China,Canine,canine,Canine
A/canine/Liaoning/1388/2019|2019-09-01,ON877875,H3N2,2019-09-01,Canine,China,China,Canine,canine,Canine
A/canine/Liaoning/1578/2010|2010-04-06,JX101433,H3N2,2010-04-06,Canine,China,China,Canine,canine,Canine
A/canine/Liaoning/1585/2010|2010-04-06,JX101345,H3N2,2010-04-06,Canine,China,China,Canine,canine,Canine
A/canine/Liaoning/27/2012|2012-04-11,EPI531348,H3N2,2012-04-11,Canine,China,China,Canine,canine,Canine
A/canine/Liaoning/282/2017|2017-08-01,ON877883,H3N2,2017-08-01,Canine,China,China,Canine,canine,Canine
A/canine/Liaoning/284/2017|2017-08-01,ON877891,H3N2,2017-08-01,Canine,China,China,Canine,canine,Canine
A/canine/Liaoning/530/2018|2018-01-01,ON877899,H3N2,2018-01-01,Canine,China,China,Canine,canine,Canine
A/canine/Liaoning/H6/2012|2012-05-19,EPI531356,H3N2,2012-05-19,Canine,China,China,Canine,canine,Canine
A/canine/Minnesota/012684/2023|2023-04-17,EPI2564003,H3N2,2023-04-17,Canine,Usa,North America,Canine,Canine,Canine
A/canine/Minnesota/139684/2017|2017-08-10,EPI1308035,H3N2,2017-08-10,Canine,Usa,North America,Canine,canine,Canine
A/canine/Minnesota/23-012684-001/2023|2023-04-17,OQ990375,H3N2,2023-04-17,Canine,Usa,North America,Canine,canine,Canine
A/canine/Nanjing/11/2012|2012-11-01,KF322105,H3N2,2012-11-01,Canine,China,China,Canine,canine,Canine
A/canine/Nanjing/20170328-7/2017|2017-03-28,EPI1554872,H3N2,2017-03-28,Canine,China,China,Canine,canine,Canine
A/canine/Nanjing/20170419-12/2017|2017-04-19,MK212477,H3N2,2017-04-19,Canine,China,China,Canine,canine,Canine
A/canine/Nanjing/20170515-25/2017|2017-05-15,EPI1554856,H3N2,2017-05-15,Canine,China,China,Canine,canine,Canine
A/canine/Nanjing/20170607-40/2017|2017-06-07,EPI1554848,H3N2,2017-06-07,Canine,China,China,Canine,canine,Canine
A/canine/Nanjing/20170620-47/2017|2017-06-20,MK212453,H3N2,2017-06-20,Canine,China,China,Canine,canine,Canine
A/canine/Nanjing/20170704-53/2017|2017-07-04,MK212445,H3N2,2017-07-04,Canine,China,China,Canine,canine,Canine
A/canine/Nanjing/404/2017|2017-11-01,ON877907,H3N2,2017-11-01,Canine,China,China,Canine,canine,Canine
A/canine/Nanjing/543/2018|2018-01-01,ON877915,H3N2,2018-01-01,Canine,China,China,Canine,canine,Canine
A/canine/Nevada/BRW015/2018|2018-02-07,EPI1526461,H3N2,2018-02-07,Canine,Usa,North America,Canine,canine,Canine
A/canine/Nevada/BRW018/2018|2018-03-01,EPI1526469,H3N2,2018-03-01,Canine,Usa,North America,Canine,canine,Canine
A/canine/New_Jersey/CRP036/2018|2018-05-13,EPI1526477,H3N2,2018-05-13,Canine,Usa,North America,Canine,canine,Canine
A/canine/New_York/CRP034/2018|2018-05-07,EPI1526485,H3N2,2018-05-07,Canine,Usa,North America,Canine,canine,Canine
A/canine/North_Carolina/090487/2017|2017-05-26,EPI1308043,H3N2,2017-05-26,Canine,Usa,North America,Canine,canine,Canine
A/canine/North_Carolina/103297/2015|2015-09-01,EPI1308068,H3N2,2015-09-01,Canine,Usa,North America,Canine,Canine,Canine
A/canine/North_Carolina/109904/2015|2015-07-29,EPI839088,H3N2,2015-07-29,Canine,Usa,North America,Canine,Canine,Canine
A/canine/NorthCarolina/20170606-28/2017|2017-04-01,EPI1224167,H3N2,2017-04-01,Canine,Usa,North America,Canine,canine,Canine
A/canine/Ohio/174509/2017|2017-10-08,EPI1308051,H3N2,2017-10-08,Canine,Usa,North America,Canine,canine,Canine
A/canine/Ohio/188191/2017|2017-10-31,MK690131,H3N2,2017-10-31,Canine,Usa,North America,Canine,canine,Canine
A/canine/Ohio/A82/2017|2017-10-28,EPI1308059,H3N2,2017-10-28,Canine,Usa,North America,Canine,canine,Canine
A/canine/Ohio/A91/2017|2017-10-28,EPI1307983,H3N2,2017-10-28,Canine,Usa,North America,Canine,canine,Canine
A/canine/Ohio/A97/2017|2017-10-28,EPI1307991,H3N2,2017-10-28,Canine,Usa,North America,Canine,canine,Canine
A/canine/Oklahoma/011242/2023|2023-04-05,EPI2564011,H3N2,2023-04-05,Canine,Usa,North America,Canine,Canine,Canine
A/canine/Oklahoma/23-011242-001/2023|2023-04-05,OQ990383,H3N2,2023-04-05,Canine,Usa,North America,Canine,canine,Canine
A/canine/Ontario/NCFAD-2018-001-4/2018|2018-01-05,EPI1772338,H3N2,2018-01-05,Canine,Canada,North America,Canine,canine,Canine
A/canine/Ontario/NCFAD-2018-064-1/2018|2018-10-15,EPI1772346,H3N2,2018-10-15,Canine,Canada,North America,Canine,canine,Canine
A/canine/Ontario/NCFAD-2018-069-1/2018|2018-10-22,EPI1772354,H3N2,2018-10-22,Canine,Canada,North America,Canine,canine,Canine
A/canine/Ontario/NCFAD-2018-069-10/2018|2018-10-18,EPI1772362,H3N2,2018-10-18,Canine,Canada,North America,Canine,canine,Canine
A/canine/Ontario/NCFAD-2018-069-6/2018|2018-10-22,EPI1772370,H3N2,2018-10-22,Canine,Canada,North America,Canine,canine,Canine
A/canine/Ontario/NCFAD-2018-069-9/2018|2018-10-24,EPI1772378,H3N2,2018-10-24,Canine,Canada,North America,Canine,canine,Canine
A/canine/Ontario/NCFAD-2018-070-1/2018|2018-01-09,EPI1772386,H3N2,2018-01-09,Canine,Canada,North America,Canine,canine,Canine
A/canine/Ontario/NCFAD-2018-070-10/2018|2018-03-09,EPI1772394,H3N2,2018-03-09,Canine,Canada,North America,Canine,canine,Canine
A/canine/Ontario/NCFAD-2018-070-11/2018|2018-03-09,EPI1772402,H3N2,2018-03-09,Canine,Canada,North America,Canine,canine,Canine
A/canine/Ontario/NCFAD-2018-070-12/2018|2018-03-13,EPI1772410,H3N2,2018-03-13,Canine,Canada,North America,Canine,canine,Canine
A/canine/Ontario/NCFAD-2018-070-13/2018|2018-03-13,EPI1772418,H3N2,2018-03-13,Canine,Canada,North America,Canine,canine,Canine
A/canine/Ontario/NCFAD-2018-070-14/2018|2018-03-14,EPI1772426,H3N2,2018-03-14,Canine,Canada,North America,Canine,canine,Canine
A/canine/Ontario/NCFAD-2018-070-15/2018|2018-03-14,EPI1772434,H3N2,2018-03-14,Canine,Canada,North America,Canine,canine,Canine
A/canine/Ontario/NCFAD-2018-070-16/2018|2018-03-26,EPI1772442,H3N2,2018-03-26,Canine,Canada,North America,Canine,canine,Canine
A/canine/Ontario/NCFAD-2018-070-2/2018|2018-01-09,EPI1772450,H3N2,2018-01-09,Canine,Canada,North America,Canine,canine,Canine
A/canine/Ontario/NCFAD-2018-070-3/2018|2018-01-13,EPI1772458,H3N2,2018-01-13,Canine,Canada,North America,Canine,canine,Canine
A/canine/Ontario/NCFAD-2018-070-4/2018|2018-01-26,EPI1772466,H3N2,2018-01-26,Canine,Canada,North America,Canine,canine,Canine
A/canine/Ontario/NCFAD-2018-070-5/2018|2018-02-01,EPI1772474,H3N2,2018-02-01,Canine,Canada,North America,Canine,canine,Canine
A/canine/Ontario/NCFAD-2018-070-7/2018|2018-03-02,EPI1772482,H3N2,2018-03-02,Canine,Canada,North America,Canine,canine,Canine
A/canine/Ontario/NCFAD-2018-070-8/2018|2018-03-02,EPI1772490,H3N2,2018-03-02,Canine,Canada,North America,Canine,canine,Canine
A/canine/Ontario/NCFAD-2018-070-9/2018|2018-03-02,EPI1772498,H3N2,2018-03-02,Canine,Canada,North America,Canine,canine,Canine
A/canine/Pennsylvania/0261885/2015|2015-09-01,EPI1308076,H3N2,2015-09-01,Canine,Usa,North America,Canine,canine,Canine
A/canine/Pennsylvania/037756-1/2023|2023-02-22,OR738652,H3N2,2023-02-22,Canine,Usa,North America,Canine,Canine,Canine
A/canine/Pennsylvania/20170411-5/2017|2017-04-01,EPI1224190,H3N2,2017-04-01,Canine,Usa,North America,Canine,canine,Canine
A/canine/Pennsylvania/985419/2023|2023-02-07,OR732205,H3N2,2023-02-07,Canine,Usa,North America,Canine,Canine,Canine
A/canine/Pennsylvania/CVM-037756-1/2023|2023-02-22,EPI2907468,H3N2,2023-02-22,Canine,Usa,North America,Canine,Canine,Canine
A/canine/Pennsylvania/CVM-985419/2023|2023-02-07,EPI2906952,H3N2,2023-02-07,Canine,Usa,North America,Canine,Canine,Canine
A/canine/Shanghai/1204/2019|2019-05-01,ON877923,H3N2,2019-05-01,Canine,China,China,Canine,canine,Canine
A/canine/Shanghai/159/2017|2017-10-01,ON877939,H3N2,2017-10-01,Canine,China,China,Canine,canine,Canine
A/canine/Shanghai/20170622-7/2017|2017-06-22,MK212437,H3N2,2017-06-22,Canine,China,China,Canine,canine,Canine
A/canine/Shanghai/20170713-18/2017|2017-07-13,MK212429,H3N2,2017-07-13,Canine,China,China,Canine,canine,Canine
A/canine/Shanghai/20170721-36/2017|2017-07-21,MK212421,H3N2,2017-07-21,Canine,China,China,Canine,canine,Canine
A/canine/Shanghai/354/2017|2017-10-01,ON877947,H3N2,2017-10-01,Canine,China,China,Canine,canine,Canine
A/canine/Shanghai/755/2018|2018-05-01,ON877955,H3N2,2018-05-01,Canine,China,China,Canine,canine,Canine
A/canine/Shanxi/1286/2019|2019-07-01,ON877963,H3N2,2019-07-01,Canine,China,China,Canine,canine,Canine
A/canine/Shanxi/361/2017|2017-10-01,ON877979,H3N2,2017-10-01,Canine,China,China,Canine,canine,Canine
A/canine/Shanxi/676/2018|2018-04-01,ON877987,H3N2,2018-04-01,Canine,China,China,Canine,canine,Canine
A/canine/Singapore/NParks_CIV_M10305/2018|2018-06-01,EPI2161627,H3N2,2018-06-01,Canine,Singapore,Southeast Asia,Canine,canine,Canine
A/canine/Singapore/NParks_CIV_M4705/2018|2018-06-01,EPI2161626,H3N2,2018-06-01,Canine,Singapore,Southeast Asia,Canine,canine,Canine
A/canine/Singapore/SG_NParks_CIV_M10305/2018|2018-06-01,EPI2162120,H3N2,2018-06-01,Canine,Singapore,Southeast Asia,Canine,Canine,Canine
A/canine/Singapore/SG_NParks_CIV_M3405/2018|2018-06-01,ON965261,H3N2,2018-06-01,Canine,Singapore,Southeast Asia,Canine,canine,Canine
A/canine/Singapore/SG_NParks_CIV_M4705/2018|2018-06-01,ON965269,H3N2,2018-06-01,Canine,Singapore,Southeast Asia,Canine,canine,Canine
A/canine/Singapore/uncultured_NParks_CIV_M3405/2018|2018-06-01,EPI2161625,H3N2,2018-06-01,Canine,Singapore,Southeast Asia,Canine,canine,Canine
A/canine/South_Carolina/132956/2017|2017-08-01,EPI1307999,H3N2,2017-08-01,Canine,Usa,North America,Canine,canine,Canine
A/canine/South_Korea/0173915/2015|2015-11-01,EPI1098536,H3N2,2015-11-01,Canine,South Korea,Japan Korea,Canine,canine,Canine
A/canine/South_Korea/20170110-1F1/2016|2016-04-01,EPI1224143,H3N2,2016-04-01,Canine,South Korea,Japan Korea,Canine,canine,Canine
A/canine/Tennessee/231361-1/2022|2022-10-10,OR738660,H3N2,2022-10-10,Canine,Usa,North America,Canine,Canine,Canine
A/canine/Tennessee/CVM-231361-1/2022|2022-10-10,EPI2907476,H3N2,2022-10-10,Canine,Usa,North America,Canine,Canine,Canine
A/canine/Texas/042018-2/2023|2023-02-28,OR738668,H3N2,2023-02-28,Canine,Usa,North America,Canine,Canine,Canine
A/canine/Texas/042018-3/2023|2023-02-28,OR738676,H3N2,2023-02-28,Canine,Usa,North America,Canine,Canine,Canine
A/canine/Texas/21-011409-001/2021|2021-04-01,EPI1896555,H3N2,2021-04-01,Canine,Usa,North America,Canine,canine,Canine
A/canine/Texas/2100186/2015|2015-09-01,EPI1308085,H3N2,2015-09-01,Canine,Usa,North America,Canine,canine,Canine
A/canine/Texas/343907/2015|2015-12-22,EPI839133,H3N2,2015-12-22,Canine,Usa,North America,Canine,canine,Canine
A/canine/Texas/CVM-0204151/2023|2023-01-20,EPI2907362,H3N2,2023-01-20,Canine,Usa,North America,Canine,Canine,Canine
A/canine/Texas/CVM-0204171/2023|2023-01-20,EPI2907354,H3N2,2023-01-20,Canine,Usa,North America,Canine,Canine,Canine
A/canine/Texas/CVM-042018-3/2023|2023-02-28,EPI2907485,H3N2,2023-02-28,Canine,Usa,North America,Canine,Canine,Canine
A/canine/Texas/CVM-0420182/2023|2023-02-28,EPI2907370,H3N2,2023-02-28,Canine,Usa,North America,Canine,Canine,Canine
A/canine/Texas/CVM-04914241/2023|2023-02-20,EPI2907133,H3N2,2023-02-20,Canine,Usa,North America,Canine,Canine,Canine
A/canine/Texas/CVM-04914311/2023|2023-02-20,EPI2907141,H3N2,2023-02-20,Canine,Usa,North America,Canine,Canine,Canine
A/canine/Texas/CVM-06880321/2023|2023-03-08,EPI2907149,H3N2,2023-03-08,Canine,Usa,North America,Canine,Canine,Canine
A/canine/Texas/CVM-0688041/2023|2023-03-07,EPI2907194,H3N2,2023-03-07,Canine,Usa,North America,Canine,Canine,Canine
A/canine/Texas/CVM-0688071/2023|2023-03-08,EPI2907202,H3N2,2023-03-08,Canine,Usa,North America,Canine,Canine,Canine
A/canine/Texas/CVM-09336121/2023|2023-03-24,EPI2907210,H3N2,2023-03-24,Canine,Usa,North America,Canine,Canine,Canine
A/canine/Texas/CVM-09336221/2023|2023-03-25,EPI2907218,H3N2,2023-03-25,Canine,Usa,North America,Canine,Canine,Canine
A/canine/Texas/CVM-0933631/2023|2023-03-23,EPI2907226,H3N2,2023-03-23,Canine,Usa,North America,Canine,Canine,Canine
A/canine/Texas/CVM-0933641/2023|2023-03-23,EPI2907234,H3N2,2023-03-23,Canine,Usa,North America,Canine,Canine,Canine
A/canine/Texas/CVM-09336441/2023|2023-03-27,EPI2907242,H3N2,2023-03-27,Canine,Usa,North America,Canine,Canine,Canine
A/canine/Texas/CVM-09336521/2023|2023-03-26,EPI2907250,H3N2,2023-03-26,Canine,Usa,North America,Canine,Canine,Canine
A/canine/Texas/CVM-3578541/2022|2022-11-09,EPI2906962,H3N2,2022-11-09,Canine,Usa,North America,Canine,Canine,Canine
A/canine/Texas/M22-35785-4-1/2022|2022-11-09,OR732213,H3N2,2022-11-09,Canine,Usa,North America,Canine,Canine,Canine
A/canine/Texas/M23-02041-5-1/2023|2023-01-20,OR737661,H3N2,2023-01-20,Canine,Usa,North America,Canine,Canine,Canine
A/canine/Texas/M23-02041-7-1/2023|2023-01-20,OR737669,H3N2,2023-01-20,Canine,Usa,North America,Canine,Canine,Canine
A/canine/Texas/M23-04914-24-1/2023|2023-02-20,OR737677,H3N2,2023-02-20,Canine,Usa,North America,Canine,Canine,Canine
A/canine/Texas/M23-04914-31-1/2023|2023-02-20,OR737685,H3N2,2023-02-20,Canine,Usa,North America,Canine,Canine,Canine
A/canine/Texas/M23-06880-32-1/2023|2023-03-08,OR737693,H3N2,2023-03-08,Canine,Usa,North America,Canine,Canine,Canine
A/canine/Texas/M23-06880-4-1/2023|2023-03-07,OR737701,H3N2,2023-03-07,Canine,Usa,North America,Canine,Canine,Canine
A/canine/Texas/M23-06880-7-1/2023|2023-03-08,OR737709,H3N2,2023-03-08,Canine,Usa,North America,Canine,Canine,Canine
A/canine/Texas/M23-09336-12-1/2023|2023-03-24,OR737717,H3N2,2023-03-24,Canine,Usa,North America,Canine,Canine,Canine
A/canine/Texas/M23-09336-22-1/2023|2023-03-25,OR737725,H3N2,2023-03-25,Canine,Usa,North America,Canine,Canine,Canine
A/canine/Texas/M23-09336-3-1/2023|2023-03-23,OR737733,H3N2,2023-03-23,Canine,Usa,North America,Canine,Canine,Canine
A/canine/Texas/M23-09336-4-1/2023|2023-03-23,OR737741,H3N2,2023-03-23,Canine,Usa,North America,Canine,Canine,Canine
A/canine/Texas/M23-09336-44-1/2023|2023-03-27,OR737749,H3N2,2023-03-27,Canine,Usa,North America,Canine,Canine,Canine
A/canine/Texas/M23-09336-52-1/2023|2023-03-26,OR737757,H3N2,2023-03-26,Canine,Usa,North America,Canine,Canine,Canine
A/canine/Thailand/CU-DC5299/2012|2012-01-15,KC599551,H3N2,2012-01-15,Canine,Thailand,Southeast Asia,Canine,canine,Canine
A/canine/Tianjin/368/2017|2017-11-01,ON878003,H3N2,2017-11-01,Canine,China,China,Canine,canine,Canine
A/canine/Tianjin/570/2018|2018-01-01,ON878011,H3N2,2018-01-01,Canine,China,China,Canine,canine,Canine
A/canine/Tianjin/643/2018|2018-03-01,ON878019,H3N2,2018-03-01,Canine,China,China,Canine,canine,Canine
A/canine/Tianjin/83/2018|2018-09-01,ON878027,H3N2,2018-09-01,Canine,China,China,Canine,canine,Canine
A/canine/Tianjin/84/2018|2018-09-01,ON878035,H3N2,2018-09-01,Canine,China,China,Canine,canine,Canine
A/canine/Tianjin/85/2018|2018-09-01,ON878043,H3N2,2018-09-01,Canine,China,China,Canine,canine,Canine
A/canine/Tianjin/89/2019|2019-10-01,ON878051,H3N2,2019-10-01,Canine,China,China,Canine,canine,Canine
A/canine/Virginia/002912-1/2023|2023-01-04,OR738684,H3N2,2023-01-04,Canine,Usa,North America,Canine,Canine,Canine
A/canine/Virginia/CVM-0029121/2023|2023-01-04,EPI2907258,H3N2,2023-01-04,Canine,Usa,North America,Canine,Canine,Canine
A/canine/West_Virginia/120508-1/2023|2023-05-19,OR738692,H3N2,2023-05-19,Canine,Usa,North America,Canine,Canine,Canine
A/canine/West_Virginia/CVM-120508-1/2023|2023-05-19,EPI2907266,H3N2,2023-05-19,Canine,Usa,North America,Canine,Canine,Canine
A/canine/Wisconsin/19137/2016|2016-02-08,EPI838662,H3N2,2016-02-08,Canine,Usa,North America,Canine,canine,Canine
A/canine/Xi'an/20170601-157/2017|2017-06-01,EPI1554800,H3N2,2017-06-01,Canine,China,China,Canine,canine,Canine
A/canine/Xi'an/20170601-159/2017|2017-06-01,EPI1554792,H3N2,2017-06-01,Canine,China,China,Canine,canine,Canine
A/canine/Zhejiang/1/2010|2010-09-30,JF714153,H3N2,2010-09-30,Canine,China,China,Canine,canine,Canine
A/Canis_lupus_familiaris/USA/000915/2018|2018-01-03,EPI1526334,H3N2,2018-01-03,Canine,Usa,North America,Canine,canine,Canine
A/Canis_lupus_familiaris/USA/006974/2018|2018-01-17,EPI1526342,H3N2,2018-01-17,Canine,Usa,North America,Canine,canine,Canine
A/Canis_lupus_familiaris/USA/007780/2018|2018-01-17,EPI1526350,H3N2,2018-01-17,Canine,Usa,North America,Canine,canine,Canine
A/Canis_lupus_familiaris/USA/007781/2018|2018-01-17,EPI1526358,H3N2,2018-01-17,Canine,Usa,North America,Canine,canine,Canine
A/Canis_lupus_familiaris/USA/118191/2017|2017-10-31,EPI1526398,H3N2,2017-10-31,Canine,Usa,North America,Canine,canine,Canine
A/Canis_lupus_familiaris/USA/150620/2018|2018-08-21,EPI1526374,H3N2,2018-08-21,Canine,Usa,North America,Canine,canine,Canine
A/Canis_lupus_familiaris/USA/152386/2018|2018-08-23,EPI1526382,H3N2,2018-08-23,Canine,Usa,North America,Canine,canine,Canine
A/Canis_lupus_familiaris/USA/188203/2017|2017-10-31,EPI1526406,H3N2,2017-10-31,Canine,Usa,North America,Canine,canine,Canine
A/Canis_lupus_familiaris/USA/188226/2017|2017-10-31,EPI1526414,H3N2,2017-10-31,Canine,Usa,North America,Canine,canine,Canine
A/Canis_lupus_familiaris/USA/188297/2017|2017-10-31,EPI1526422,H3N2,2017-10-31,Canine,Usa,North America,Canine,canine,Canine
A/Canis_lupus_familiaris/USA/188305/2017|2017-10-31,EPI1526430,H3N2,2017-10-31,Canine,Usa,North America,Canine,canine,Canine
A/Canis_lupus_familiaris/USA/218592/2017|2017-12-30,EPI1526438,H3N2,2017-12-30,Canine,Usa,North America,Canine,canine,Canine
A/dog/Indiana/M16-09378-32-1/2016|2016-04-05,EPI2597120,H3N2,2016-04-05,Canine,Usa,North America,Canine,canine,Canine
C1|2023-02-02,C1,H3N2,2023-02-02,Canine,Usa,North America,Canine,Canine,Canine
C11|2023-02-24,C11,H3N2,2023-02-24,Canine,Usa,North America,Canine,Canine,Canine
C12|2023-02-01,C12,H3N2,2023-02-01,Canine,Usa,North America,Canine,Canine,Canine
C13|2023-03-13,C13,H3N2,2023-03-13,Canine,Usa,North America,Canine,Canine,Canine
C14|2023-02-01,C14,H3N2,2023-02-01,Canine,Usa,North America,Canine,Canine,Canine
C15|2023-03-13,C15,H3N2,2023-03-13,Canine,Usa,North America,Canine,Canine,Canine
C16|2023-02-01,C16,H3N2,2023-02-01,Canine,Usa,North America,Canine,Canine,Canine
C17|2023-02-06,C17,H3N2,2023-02-06,Canine,Usa,North America,Canine,Canine,Canine
C18|2023-10-01,C18,H3N2,2023-10-01,Canine,Usa,North America,Canine,Canine,Canine
C19|2023-10-01,C19,H3N2,2023-10-01,Canine,Usa,North America,Canine,Canine,Canine
C2|2022-11-24,C2,H3N2,2022-11-24,Canine,Usa,North America,Canine,Canine,Canine
C4|2023-02-15,C4,H3N2,2023-02-15,Canine,Usa,North America,Canine,Canine,Canine
C5|2023-03-13,C5,H3N2,2023-03-13,Canine,Usa,North America,Canine,Canine,Canine
C6|2023-02-03,C6,H3N2,2023-02-03,Canine,Usa,North America,Canine,Canine,Canine
C7|2023-04-13,C7,H3N2,2023-04-13,Canine,Usa,North America,Canine,Canine,Canine
